"Machine","Desktop Pool","DNS Name","User","Host","Agent Version","Datastore","Status"
"VD221194","MQW7STD1","vd221194.ms.uhbs.ch","ms.uhbs.ch\GirardT","ictesxvdilp24.uhbs.ch","6.0.1","[Nimble02-VDI-005, Nimble01-VDI-SWP]","Available"
"VD221133","MQW7STD1","vd221133.ms.uhbs.ch","ms.uhbs.ch\SchmidC","ictesxvdilp31.uhbs.ch","6.0.1","[Nimble05-VDI-013]","Available"
"VD221258","MQW7STD1","vd221258.ms.uhbs.ch","ms.uhbs.ch\rossef","ictesxvdilp29.uhbs.ch","6.0.1","[Nimble06-VDI-015]","Disconnected"
"VD221343","MQW7STD1","vd221343.ms.uhbs.ch","ms.uhbs.ch\GlatzK","ictesxvdilp19.uhbs.ch","6.0.1","[Nimble04-VDI-007, Nimble01-VDI-SWP]","Available"
"VD221259","MQW7STD1","vd221259.ms.uhbs.ch","ms.uhbs.ch\plodinecm","ictesxvdilp22.uhbs.ch","6.0.1","[Nimble06-VDI-013]","Available"
"VD221030","MQW7STD1","vd221030.ms.uhbs.ch","ms.uhbs.ch\GuldenfelsS","ictesxvdilp26.uhbs.ch","6.0.1","[Nimble01-VDI-002]","Available"
"VD221296","MQW7STD1","vd221296.ms.uhbs.ch","ms.uhbs.ch\cereghettic","ictesxvdilp29.uhbs.ch","6.0.1","[Nimble05-VDI-011]","Disconnected"
"VD221310","MQW7STD1","vd221310.ms.uhbs.ch","ms.uhbs.ch\schweingrubert","ictesxvdilp27.uhbs.ch","6.0.1","[Nimble03-VDI-008]","Connected"
"VD221109","MQW7STD1","vd221109.ms.uhbs.ch","ms.uhbs.ch\BremerichJ","ictesxvdilp09.uhbs.ch","6.0.1","[Nimble02-VDI-001]","Available"
"VD221044","MQW7STD1","vd221044.ms.uhbs.ch","ms.uhbs.ch\NussbaumerS","ictesxvdilp32.uhbs.ch","6.0.1","[Nimble04-VDI-007]","Available"
"VD221158","MQW7STD1","vd221158.ms.uhbs.ch","ms.uhbs.ch\SilvaniA","ictesxvdilp22.uhbs.ch","6.0.1","[Nimble05-VDI-011]","Available"
"VD221120","MQW7STD1","vd221120.ms.uhbs.ch","ms.uhbs.ch\strohmeierm","ictesxvdilp29.uhbs.ch","6.0.1","[Nimble05-VDI-009]","Available"
"VD221238","MQW7STD1","vd221238.ms.uhbs.ch","ms.uhbs.ch\martinezma","ictesxvdilp11.uhbs.ch","6.0.1","[Nimble05-VDI-005]","Disconnected"
"VD221218","MQW7STD1","vd221218.ms.uhbs.ch","ms.uhbs.ch\weicku","ictesxvdilp32.uhbs.ch","6.0.1","[Nimble06-VDI-007]","Disconnected"
"VD221328","MQW7STD1","vd221328.ms.uhbs.ch","ms.uhbs.ch\BloechligerM","ictesxvdilp12.uhbs.ch","6.0.1","[Nimble06-VDI-005, Nimble01-VDI-SWP]","Available"
"VD221125","MQW7STD1","vd221125.ms.uhbs.ch","ms.uhbs.ch\rentschk","ictesxvdilp01.uhbs.ch","6.0.1","[Nimble06-VDI-007, Nimble01-VDI-SWP]","Disconnected"
"VD221251","MQW7STD1","vd221251.ms.uhbs.ch","ms.uhbs.ch\KavianiR","ictesxvdilp16.uhbs.ch","6.0.1","[Nimble02-VDI-002]","Available"
"VD221082","MQW7STD1","vd221082.ms.uhbs.ch","","ictesxvdilp30.uhbs.ch","6.0.1","[Nimble04-VDI-002]","Maintenance mode"
"VD221088","MQW7STD1","vd221088.ms.uhbs.ch","ms.uhbs.ch\KoppS","ictesxvdilp17.uhbs.ch","6.0.1","[Nimble06-VDI-009]","Available"
"VD221271","MQW7STD1","vd221271.ms.uhbs.ch","ms.uhbs.ch\ForteS","ictesxvdilp18.uhbs.ch","6.0.1","[Nimble01-VDI-003]","Available"
"VD221332","MQW7STD1","vd221332.ms.uhbs.ch","ms.uhbs.ch\hirschmanna","ictesxvdilp15.uhbs.ch","6.0.1","[Nimble03-VDI-001]","Disconnected"
"VD221001","MQW7STD1","vd221001.ms.uhbs.ch","ms.uhbs.ch\rivad","ictesxvdilp24.uhbs.ch","6.0.1","[Nimble01-VDI-004]","Disconnected"
"VD221067","MQW7STD1","vd221067.ms.uhbs.ch","ms.uhbs.ch\NeuschwanderM","ictesxvdilp18.uhbs.ch","6.0.1","[Nimble06-VDI-010]","Available"
"VD221177","MQW7STD1","vd221177.ms.uhbs.ch","ms.uhbs.ch\madasseryan","ictesxvdilp09.uhbs.ch","6.0.1","[Nimble04-VDI-001]","Available"
"VD221200","MQW7STD1","vd221200.ms.uhbs.ch","ms.uhbs.ch\aschmannf","ictesxvdilp06.uhbs.ch","6.0.1","[Nimble02-VDI-002, Nimble01-VDI-SWP]","Connected"
"VD221115","MQW7STD1","vd221115.ms.uhbs.ch","ms.uhbs.ch\TeutelinkR","ictesxvdilp13.uhbs.ch","6.0.1","[Nimble04-VDI-002]","Available"
"VD221042","MQW7STD1","vd221042.ms.uhbs.ch","ms.uhbs.ch\AL_WEScanner","ictesxvdilp10.uhbs.ch","6.0.1","[Nimble04-VDI-003]","Available"
"VD221325","MQW7STD1","vd221325.ms.uhbs.ch","ms.uhbs.ch\looslij","ictesxvdilp18.uhbs.ch","6.0.1","[Nimble05-VDI-015]","Disconnected"
"VD221104","MQW7STD1","vd221104.ms.uhbs.ch","ms.uhbs.ch\stohlern","ictesxvdilp30.uhbs.ch","6.0.1","[Nimble01-VDI-001]","Disconnected"
"VD221185","MQW7STD1","vd221185.ms.uhbs.ch","","ictesxvdilp31.uhbs.ch","6.0.1","[Nimble05-VDI-010]","Maintenance mode"
"VD221171","MQW7STD1","vd221171.ms.uhbs.ch","ms.uhbs.ch\BoltresA","ictesxvdilp15.uhbs.ch","6.0.1","[Nimble05-VDI-011, Nimble01-VDI-SWP]","Available"
"VD221211","MQW7STD1","vd221211.ms.uhbs.ch","ms.uhbs.ch\BuechsenschuetzC","ictesxvdilp08.uhbs.ch","6.0.1","[Nimble01-VDI-006]","Available"
"VD221280","MQW7STD1","vd221280.ms.uhbs.ch","ms.uhbs.ch\estermanna","ictesxvdilp05.uhbs.ch","6.0.1","[Nimble03-VDI-007]","Connected"
"VD221279","MQW7STD1","vd221279.ms.uhbs.ch","ms.uhbs.ch\unternaehrerk","ictesxvdilp19.uhbs.ch","6.0.1","[Nimble03-VDI-005, Nimble01-VDI-SWP]","Disconnected"
"VD221080","MQW7STD1","vd221080.ms.uhbs.ch","ms.uhbs.ch\quittj","ictesxvdilp15.uhbs.ch","6.0.1","[Nimble06-VDI-006]","Disconnected"
"VD221299","MQW7STD1","vd221299.ms.uhbs.ch","ms.uhbs.ch\nicolasg","ictesxvdilp22.uhbs.ch","6.0.1","[Nimble04-VDI-006]","Disconnected"
"VD221336","MQW7STD1","vd221336.ms.uhbs.ch","ms.uhbs.ch\SunderK","ictesxvdilp16.uhbs.ch","6.0.1","[Nimble05-VDI-007, Nimble01-VDI-SWP]","Available"
"VD221126","MQW7STD1","vd221126.ms.uhbs.ch","ms.uhbs.ch\heppeld","ictesxvdilp21.uhbs.ch","6.0.1","[Nimble05-VDI-010]","Disconnected"
"VD221272","MQW7STD1","vd221272.ms.uhbs.ch","ms.uhbs.ch\ViellieberC","ictesxvdilp31.uhbs.ch","6.0.1","[Nimble05-VDI-013]","Available"
"VD221240","MQW7STD1","vd221240.ms.uhbs.ch","ms.uhbs.ch\muellerale","ictesxvdilp08.uhbs.ch","6.0.1","[Nimble01-VDI-SWP, Nimble05-VDI-010]","Connected"
"VD221190","MQW7STD1","vd221190.ms.uhbs.ch","ms.uhbs.ch\ThuerigS","ictesxvdilp16.uhbs.ch","6.0.1","[Nimble05-VDI-013]","Available"
"VD221226","MQW7STD1","vd221226.ms.uhbs.ch","ms.uhbs.ch\henchj","ictesxvdilp12.uhbs.ch","6.0.1","[Nimble04-VDI-006]","Disconnected"
"VD221051","MQW7STD1","vd221051.ms.uhbs.ch","ms.uhbs.ch\KlimkaitM","ictesxvdilp17.uhbs.ch","6.0.1","[Nimble06-VDI-010]","Available"
"VD221179","MQW7STD1","vd221179.ms.uhbs.ch","ms.uhbs.ch\BiglerK","ictesxvdilp26.uhbs.ch","6.0.1","[Nimble06-VDI-003]","Available"
"VD221204","MQW7STD1","vd221204.ms.uhbs.ch","ms.uhbs.ch\spaenhauerc","ictesxvdilp17.uhbs.ch","6.0.1","[Nimble02-VDI-003]","Disconnected"
"VD221202","MQW7STD1","vd221202.ms.uhbs.ch","ms.uhbs.ch\rist","ictesxvdilp26.uhbs.ch","6.0.1","[Nimble05-VDI-005]","Available"
"VD221236","MQW7STD1","vd221236.ms.uhbs.ch","ms.uhbs.ch\MeyerPe","ictesxvdilp12.uhbs.ch","6.0.1","[Nimble02-VDI-003, Nimble01-VDI-SWP]","Available"
"VD221148","MQW7STD1","vd221148.ms.uhbs.ch","ms.uhbs.ch\MeierJ","ictesxvdilp26.uhbs.ch","6.0.1","[Nimble05-VDI-015, Nimble01-VDI-SWP]","Available"
"VD221105","MQW7STD1","vd221105.ms.uhbs.ch","ms.uhbs.ch\SchratzenstallU","ictesxvdilp02.uhbs.ch","6.0.1","[Nimble03-VDI-001]","Available"
"VD221118","MQW7STD1","vd221118.ms.uhbs.ch","ms.uhbs.ch\WaeberN","ictesxvdilp16.uhbs.ch","6.0.1","[Nimble02-VDI-002, Nimble01-VDI-SWP]","Available"
"VD221004","MQW7STD1","vd221004.ms.uhbs.ch","ms.uhbs.ch\CitranoA","ictesxvdilp15.uhbs.ch","6.0.1","[Nimble01-VDI-004]","Available"
"VD221019","MQW7STD1","vd221019.ms.uhbs.ch","ms.uhbs.ch\wanneru","ictesxvdilp15.uhbs.ch","6.0.1","[Nimble05-VDI-013]","Disconnected"
"VD221208","MQW7STD1","vd221208.ms.uhbs.ch","ms.uhbs.ch\herspergeri","ictesxvdilp24.uhbs.ch","6.0.1","[Nimble03-VDI-007]","Disconnected"
"VD221090","MQW7STD1","vd221090.ms.uhbs.ch","ms.uhbs.ch\BlehsS","ictesxvdilp14.uhbs.ch","6.0.1","[Nimble05-VDI-010]","Available"
"VD221192","MQW7STD1","vd221192.ms.uhbs.ch","ms.uhbs.ch\elsaghirf","ictesxvdilp11.uhbs.ch","6.0.1","[Nimble05-VDI-005]","Disconnected"
"VD221228","MQW7STD1","vd221228.ms.uhbs.ch","ms.uhbs.ch\BruderE","ictesxvdilp25.uhbs.ch","6.0.1","[Nimble03-VDI-007, Nimble01-VDI-SWP]","Available"
"VD221068","MQW7STD1","vd221068.ms.uhbs.ch","ms.uhbs.ch\TrachselD","ictesxvdilp18.uhbs.ch","6.0.1","[Nimble01-VDI-002, Nimble01-VDI-SWP]","Available"
"VD221028","MQW7STD1","vd221028.ms.uhbs.ch","ms.uhbs.ch\FischerNa","ictesxvdilp11.uhbs.ch","6.0.1","[Nimble06-VDI-014]","Available"
"VD221122","MQW7STD1","vd221122.ms.uhbs.ch","ms.uhbs.ch\parggerh","ictesxvdilp31.uhbs.ch","6.0.1","[Nimble05-VDI-015]","Disconnected"
"VD221209","MQW7STD1","vd221209.ms.uhbs.ch","ms.uhbs.ch\barbieriu","ictesxvdilp12.uhbs.ch","6.0.1","[Nimble06-VDI-010]","Disconnected"
"VD221182","MQW7STD1","vd221182.ms.uhbs.ch","ms.uhbs.ch\StippichC","ictesxvdilp24.uhbs.ch","6.0.1","[Nimble01-VDI-SWP, Nimble06-VDI-013]","Available"
"VD221263","MQW7STD1","vd221263.ms.uhbs.ch","ms.uhbs.ch\TerraccianoL","ictesxvdilp04.uhbs.ch","6.0.1","[Nimble03-VDI-008]","Available"
"VD221166","MQW7STD1","vd221166.ms.uhbs.ch","ms.uhbs.ch\WrobelSi","ictesxvdilp13.uhbs.ch","6.0.1","[Nimble04-VDI-004]","Available"
"VD221167","MQW7STD1","vd221167.ms.uhbs.ch","ms.uhbs.ch\leifkem","ictesxvdilp28.uhbs.ch","6.0.1","[Nimble05-VDI-009]","Disconnected"
"VD221016","MQW7STD1","vd221016.ms.uhbs.ch","ms.uhbs.ch\milesb","ictesxvdilp29.uhbs.ch","6.0.1","[Nimble03-VDI-005, Nimble01-VDI-SWP]","Connected"
"VD221029","MQW7STD1","vd221029.ms.uhbs.ch","ms.uhbs.ch\hochstrasserj","ictesxvdilp20.uhbs.ch","6.0.1","[Nimble06-VDI-016]","Disconnected"
"VD221232","MQW7STD1","vd221232.ms.uhbs.ch","ms.uhbs.ch\gutst","ictesxvdilp03.uhbs.ch","6.0.1","[Nimble01-VDI-006]","Available"
"VD221099","MQW7STD1","vd221099.ms.uhbs.ch","","ictesxvdilp02.uhbs.ch","6.0.1","[Nimble05-VDI-005]","Maintenance mode"
"VD221034","MQW7STD1","vd221034.ms.uhbs.ch","ms.uhbs.ch\lerrickm","ictesxvdilp10.uhbs.ch","6.0.1","[Nimble05-VDI-005]","Disconnected"
"VD221295","MQW7STD1","vd221295.ms.uhbs.ch","ms.uhbs.ch\MoserR","ictesxvdilp28.uhbs.ch","6.0.1","[Nimble06-VDI-015]","Available"
"VD221346","MQW7STD1","vd221346.ms.uhbs.ch","","ictesxvdilp21.uhbs.ch","6.0.1","[Nimble05-VDI-003, Nimble01-VDI-SWP]","Available"
"VD221151","MQW7STD1","vd221151.ms.uhbs.ch","ms.uhbs.ch\LoeschU","ictesxvdilp28.uhbs.ch","6.0.1","[Nimble03-VDI-005, Nimble01-VDI-SWP]","Available"
"VD221341","MQW7STD1","vd221341.ms.uhbs.ch","ms.uhbs.ch\bussa","ictesxvdilp11.uhbs.ch","6.0.1","[Nimble01-VDI-005, Nimble01-VDI-SWP]","Disconnected"
"VD221010","MQW7STD1","vd221010.ms.uhbs.ch","ms.uhbs.ch\HeimgartnerT","ictesxvdilp10.uhbs.ch","6.0.1","[Nimble01-VDI-002]","Available"
"VD221229","MQW7STD1","vd221229.ms.uhbs.ch","ms.uhbs.ch\TzankovA","ictesxvdilp03.uhbs.ch","6.0.1","[Nimble06-VDI-002]","Available"
"VD221012","MQW7STD1","vd221012.ms.uhbs.ch","ms.uhbs.ch\FeuzM","ictesxvdilp31.uhbs.ch","6.0.1","[Nimble01-VDI-002]","Available"
"VD221149","MQW7STD1","vd221149.ms.uhbs.ch","ms.uhbs.ch\HartmannF","ictesxvdilp12.uhbs.ch","6.0.1","[Nimble05-VDI-002]","Available"
"VD221333","MQW7STD1","vd221333.ms.uhbs.ch","ms.uhbs.ch\StreuberA","ictesxvdilp23.uhbs.ch","6.0.1","[Nimble04-VDI-003, Nimble01-VDI-SWP]","Available"
"VD221006","MQW7STD1","vd221006.ms.uhbs.ch","ms.uhbs.ch\albuquerquej","ictesxvdilp11.uhbs.ch","6.0.1","[Nimble05-VDI-008]","Disconnected"
"VD221243","MQW7STD1","vd221243.ms.uhbs.ch","ms.uhbs.ch\cappellettil","ictesxvdilp04.uhbs.ch","6.0.1","[Nimble04-VDI-004, Nimble01-VDI-SWP]","Disconnected"
"VD221007","MQW7STD1","vd221007.ms.uhbs.ch","ms.uhbs.ch\rudina","ictesxvdilp31.uhbs.ch","6.0.1","[Nimble03-VDI-001]","Disconnected"
"VD221100","MQW7STD1","vd221100.ms.uhbs.ch","ms.uhbs.ch\FreyNo","ictesxvdilp17.uhbs.ch","6.0.1","[Nimble06-VDI-011]","Available"
"VD221275","MQW7STD1","vd221275.ms.uhbs.ch","ms.uhbs.ch\SchmidSa","ictesxvdilp14.uhbs.ch","6.0.1","[Nimble05-VDI-006]","Available"
"VD221254","MQW7STD1","vd221254.ms.uhbs.ch","ms.uhbs.ch\BenzR","ictesxvdilp07.uhbs.ch","6.0.1","[Nimble03-VDI-004]","Available"
"VD221018","MQW7STD1","vd221018.ms.uhbs.ch","ms.uhbs.ch\kupferschmidp","ictesxvdilp09.uhbs.ch","6.0.1","[Nimble03-VDI-002]","Connected"
"VD221085","MQW7STD1","vd221085.ms.uhbs.ch","ms.uhbs.ch\EggerP","ictesxvdilp01.uhbs.ch","6.0.1","[Nimble05-VDI-008]","Available"
"VD221227","MQW7STD1","vd221227.ms.uhbs.ch","ms.uhbs.ch\regenasss","ictesxvdilp13.uhbs.ch","6.0.1","[Nimble04-VDI-004]","Available"
"VD221153","MQW7STD1","vd221153.ms.uhbs.ch","ms.uhbs.ch\notarosa","ictesxvdilp07.uhbs.ch","6.0.1","[Nimble03-VDI-001]","Available"
"VD221283","MQW7STD1","vd221283.ms.uhbs.ch","ms.uhbs.ch\WyssI","ictesxvdilp12.uhbs.ch","6.0.1","[Nimble01-VDI-SWP, Nimble05-VDI-015]","Available"
"VD221129","MQW7STD1","vd221129.ms.uhbs.ch","ms.uhbs.ch\HeijnenI","ictesxvdilp31.uhbs.ch","6.0.1","[Nimble05-VDI-015]","Available"
"VD221157","MQW7STD1","vd221157.ms.uhbs.ch","ms.uhbs.ch\bolld","ictesxvdilp07.uhbs.ch","6.0.1","[Nimble03-VDI-002, Nimble01-VDI-SWP]","Connected"
"VD221005","MQW7STD1","vd221005.ms.uhbs.ch","ms.uhbs.ch\hoffmannf","ictesxvdilp22.uhbs.ch","6.0.1","[Nimble01-VDI-002, Nimble01-VDI-SWP]","Disconnected"
"VD221145","MQW7STD1","vd221145.ms.uhbs.ch","ms.uhbs.ch\achermannm","ictesxvdilp23.uhbs.ch","6.0.1","[Nimble04-VDI-004, Nimble01-VDI-SWP]","Disconnected"
"VD221113","MQW7STD1","vd221113.ms.uhbs.ch","ms.uhbs.ch\rendlerc","ictesxvdilp10.uhbs.ch","6.0.1","[Nimble02-VDI-004]","Disconnected"
"VD221091","MQW7STD1","vd221091.ms.uhbs.ch","ms.uhbs.ch\wehrlim","ictesxvdilp01.uhbs.ch","6.0.1","[Nimble05-VDI-008]","Disconnected"
"VD221303","MQW7STD1","vd221303.ms.uhbs.ch","ms.uhbs.ch\SchaellingB","ictesxvdilp03.uhbs.ch","6.0.1","[Nimble04-VDI-005]","Available"
"VD221298","MQW7STD1","vd221298.ms.uhbs.ch","ms.uhbs.ch\LudwigF","ictesxvdilp22.uhbs.ch","6.0.1","[Nimble02-VDI-005]","Available"
"VD221106","MQW7STD1","vd221106.ms.uhbs.ch","ms.uhbs.ch\LerjenF","ictesxvdilp01.uhbs.ch","6.0.1","[Nimble03-VDI-003]","Available"
"VD221222","MQW7STD1","vd221222.ms.uhbs.ch","ms.uhbs.ch\ledermannt","ictesxvdilp19.uhbs.ch","6.0.1","[Nimble01-VDI-006]","Disconnected"
"VD221002","MQW7STD1","vd221002.ms.uhbs.ch","ms.uhbs.ch\BilskaB","ictesxvdilp29.uhbs.ch","6.0.1","[Nimble05-VDI-007]","Available"
"VD221098","MQW7STD1","vd221098.ms.uhbs.ch","ms.uhbs.ch\spoendlinj","ictesxvdilp14.uhbs.ch","6.0.1","[Nimble06-VDI-003]","Disconnected"
"VD221138","MQW7STD1","vd221138.ms.uhbs.ch","ms.uhbs.ch\KallenI","ictesxvdilp09.uhbs.ch","6.0.1","[Nimble03-VDI-002]","Available"
"VD221093","MQW7STD1","vd221093.ms.uhbs.ch","ms.uhbs.ch\BrudererS","ictesxvdilp04.uhbs.ch","6.0.1","[Nimble01-VDI-006]","Available"
"VD221160","MQW7STD1","vd221160.ms.uhbs.ch","ms.uhbs.ch\niemannth","ictesxvdilp27.uhbs.ch","6.0.1","[Nimble01-VDI-SWP, Nimble06-VDI-012]","Disconnected"
"VD221142","MQW7STD1","vd221142.ms.uhbs.ch","ms.uhbs.ch\RutzD","ictesxvdilp25.uhbs.ch","6.0.1","[Nimble06-VDI-005]","Available"
"VD221270","MQW7STD1","vd221270.ms.uhbs.ch","ms.uhbs.ch\petrosinog","ictesxvdilp08.uhbs.ch","6.0.1","[Nimble05-VDI-011]","Disconnected"
"VD221324","MQW7STD1","vd221324.ms.uhbs.ch","ms.uhbs.ch\zytologie","ictesxvdilp12.uhbs.ch","6.0.1","[Nimble01-VDI-SWP, Nimble05-VDI-010]","Disconnected"
"VD221094","MQW7STD1","vd221094.ms.uhbs.ch","ms.uhbs.ch\BeckerC","ictesxvdilp26.uhbs.ch","6.0.1","[Nimble02-VDI-005, Nimble01-VDI-SWP]","Available"
"VD221206","MQW7STD1","vd221206.ms.uhbs.ch","ms.uhbs.ch\floriov","ictesxvdilp22.uhbs.ch","6.0.1","[Nimble01-VDI-SWP, Nimble06-VDI-009]","Disconnected"
"VD221302","MQW7STD1","vd221302.ms.uhbs.ch","ms.uhbs.ch\langf","ictesxvdilp15.uhbs.ch","6.0.1","[Nimble04-VDI-007]","Disconnected"
"VD221060","MQW7STD1","vd221060.ms.uhbs.ch","ms.uhbs.ch\AL_WEScanner14","ictesxvdilp13.uhbs.ch","6.0.1","[Nimble05-VDI-004]","Available"
"VD221198","MQW7STD1","vd221198.ms.uhbs.ch","","ictesxvdilp15.uhbs.ch","6.0.1","[Nimble05-VDI-002]","Maintenance mode"
"VD221102","MQW7STD1","vd221102.ms.uhbs.ch","ms.uhbs.ch\MeierCH","ictesxvdilp25.uhbs.ch","6.0.1","[Nimble05-VDI-013]","Available"
"VD221026","MQW7STD1","vd221026.ms.uhbs.ch","ms.uhbs.ch\GygaxP","ictesxvdilp10.uhbs.ch","6.0.1","[Nimble02-VDI-005]","Available"
"VD221017","MQW7STD1","vd221017.ms.uhbs.ch","ms.uhbs.ch\A_MilesB","ictesxvdilp24.uhbs.ch","6.0.1","[Nimble05-VDI-016]","Available"
"VD221230","MQW7STD1","vd221230.ms.uhbs.ch","ms.uhbs.ch\VosbeckJ","ictesxvdilp02.uhbs.ch","6.0.1","[Nimble03-VDI-003]","Available"
"VD221155","MQW7STD1","vd221155.ms.uhbs.ch","ms.uhbs.ch\ReinhardtM","ictesxvdilp11.uhbs.ch","6.0.1","[Nimble05-VDI-012]","Available"
"VD221089","MQW7STD1","vd221089.ms.uhbs.ch","ms.uhbs.ch\eggertc","ictesxvdilp10.uhbs.ch","6.0.1","[Nimble05-VDI-007]","Available"
"VD221235","MQW7STD1","vd221235.ms.uhbs.ch","ms.uhbs.ch\maaso","ictesxvdilp05.uhbs.ch","6.0.1","[Nimble01-VDI-SWP, Nimble05-VDI-012]","Connected"
"VD221070","MQW7STD1","vd221070.ms.uhbs.ch","ms.uhbs.ch\JaunJ","ictesxvdilp30.uhbs.ch","6.0.1","[Nimble06-VDI-003]","Available"
"VD221023","MQW7STD1","vd221023.ms.uhbs.ch","ms.uhbs.ch\MuellerB","ictesxvdilp09.uhbs.ch","6.0.1","[Nimble05-VDI-006]","Available"
"VD221009","MQW7STD1","vd221009.ms.uhbs.ch","ms.uhbs.ch\FreyJa","ictesxvdilp18.uhbs.ch","6.0.1","[Nimble01-VDI-002]","Available"
"VD221024","MQW7STD1","vd221024.ms.uhbs.ch","ms.uhbs.ch\HuberP","ictesxvdilp06.uhbs.ch","6.0.1","[Nimble01-VDI-003]","Available"
"VD221083","MQW7STD1","vd221083.ms.uhbs.ch","ms.uhbs.ch\SchneiderC","ictesxvdilp30.uhbs.ch","6.0.1","[Nimble04-VDI-001]","Available"
"VD221312","MQW7STD1","vd221312.ms.uhbs.ch","ms.uhbs.ch\gruenera","ictesxvdilp16.uhbs.ch","6.0.1","[Nimble02-VDI-004]","Available"
"VD221108","MQW7STD1","vd221108.ms.uhbs.ch","ms.uhbs.ch\BornandD","ictesxvdilp09.uhbs.ch","6.0.1","[Nimble01-VDI-006, Nimble01-VDI-SWP]","Available"
"VD221288","MQW7STD1","vd221288.ms.uhbs.ch","ms.uhbs.ch\StalderMa","ictesxvdilp04.uhbs.ch","6.0.1","[Nimble06-VDI-011]","Available"
"VD221111","MQW7STD1","vd221111.ms.uhbs.ch","ms.uhbs.ch\ZuercherM","ictesxvdilp05.uhbs.ch","6.0.1","[Nimble04-VDI-001]","Available"
"VD221123","MQW7STD1","vd221123.ms.uhbs.ch","ms.uhbs.ch\staehlinp","ictesxvdilp05.uhbs.ch","6.0.1","[Nimble03-VDI-005]","Connected"
"VD221134","MQW7STD1","vd221134.ms.uhbs.ch","ms.uhbs.ch\bolligerda","ictesxvdilp29.uhbs.ch","6.0.1","[Nimble05-VDI-009]","Disconnected"
"VD221329","MQW7STD1","vd221329.ms.uhbs.ch","ms.uhbs.ch\TyndallA","ictesxvdilp07.uhbs.ch","6.0.1","[Nimble06-VDI-001]","Available"
"VD221186","MQW7STD1","vd221186.ms.uhbs.ch","ms.uhbs.ch\AngeliniR","ictesxvdilp08.uhbs.ch","6.0.1","[Nimble05-VDI-009]","Available"
"VD221027","MQW7STD1","vd221027.ms.uhbs.ch","ms.uhbs.ch\sanchezy","ictesxvdilp27.uhbs.ch","6.0.1","[Nimble06-VDI-016, Nimble01-VDI-SWP]","Disconnected"
"VD221069","MQW7STD1","vd221069.ms.uhbs.ch","ms.uhbs.ch\limanif","ictesxvdilp20.uhbs.ch","6.0.1","[Nimble01-VDI-003, Nimble01-VDI-SWP]","Disconnected"
"VD221114","MQW7STD1","vd221114.ms.uhbs.ch","ms.uhbs.ch\SchmidPat","ictesxvdilp09.uhbs.ch","6.0.1","[Nimble02-VDI-003]","Available"
"VD221154","MQW7STD1","vd221154.ms.uhbs.ch","ms.uhbs.ch\grasss","ictesxvdilp28.uhbs.ch","6.0.1","[Nimble05-VDI-011, Nimble01-VDI-SWP]","Disconnected"
"VD221022","MQW7STD1","vd221022.ms.uhbs.ch","ms.uhbs.ch\FasslJ","ictesxvdilp12.uhbs.ch","6.0.1","[Nimble05-VDI-004]","Available"
"VD221156","MQW7STD1","vd221156.ms.uhbs.ch","ms.uhbs.ch\PlaggeH","ictesxvdilp17.uhbs.ch","6.0.1","[Nimble05-VDI-014]","Available"
"VD221064","MQW7STD1","vd221064.ms.uhbs.ch","ms.uhbs.ch\yasarf","ictesxvdilp26.uhbs.ch","6.0.1","[Nimble06-VDI-006, Nimble01-VDI-SWP]","Connected"
"VD221144","MQW7STD1","vd221144.ms.uhbs.ch","ms.uhbs.ch\monzond","ictesxvdilp23.uhbs.ch","6.0.1","[Nimble06-VDI-007, Nimble01-VDI-SWP]","Disconnected"
"VD221137","MQW7STD1","vd221137.ms.uhbs.ch","ms.uhbs.ch\ZechC","ictesxvdilp09.uhbs.ch","6.0.1","[Nimble01-VDI-006]","Available"
"VD221053","MQW7STD1","vd221053.ms.uhbs.ch","ms.uhbs.ch\AebiS","ictesxvdilp05.uhbs.ch","6.0.1","[Nimble03-VDI-003]","Available"
"VD221162","MQW7STD1","vd221162.ms.uhbs.ch","ms.uhbs.ch\megharias","ictesxvdilp28.uhbs.ch","6.0.1","[Nimble06-VDI-007]","Disconnected"
"VD221095","MQW7STD1","vd221095.ms.uhbs.ch","ms.uhbs.ch\KunzSt","ictesxvdilp26.uhbs.ch","6.0.1","[Nimble04-VDI-003]","Available"
"VD221306","MQW7STD1","vd221306.ms.uhbs.ch","ms.uhbs.ch\DiebelV","ictesxvdilp07.uhbs.ch","6.0.1","[Nimble01-VDI-SWP, Nimble02-VDI-006]","Available"
"VD221173","MQW7STD1","vd221173.ms.uhbs.ch","ms.uhbs.ch\FreiM","ictesxvdilp12.uhbs.ch","6.0.1","[Nimble05-VDI-001]","Available"
"VD221146","MQW7STD1","vd221146.ms.uhbs.ch","ms.uhbs.ch\SchubertT","ictesxvdilp23.uhbs.ch","6.0.1","[Nimble05-VDI-006]","Available"
"VD221168","MQW7STD1","vd221168.ms.uhbs.ch","ms.uhbs.ch\WeidenhammerP","ictesxvdilp19.uhbs.ch","6.0.1","[Nimble05-VDI-006]","Available"
"VD221116","MQW7STD1","vd221116.ms.uhbs.ch","ms.uhbs.ch\vonlanthenc","ictesxvdilp07.uhbs.ch","6.0.1","[Nimble02-VDI-005]","Disconnected"
"VD221147","MQW7STD1","vd221147.ms.uhbs.ch","ms.uhbs.ch\DenglerG","ictesxvdilp26.uhbs.ch","6.0.1","[Nimble02-VDI-005]","Available"
"VD221136","MQW7STD1","vd221136.ms.uhbs.ch","ms.uhbs.ch\erbsa","ictesxvdilp06.uhbs.ch","6.0.1","[Nimble01-VDI-SWP, Nimble05-VDI-013]","Connected"
"VD221282","MQW7STD1","vd221282.ms.uhbs.ch","ms.uhbs.ch\MatterM","ictesxvdilp29.uhbs.ch","6.0.1","[Nimble03-VDI-004]","Available"
"VD221252","MQW7STD1","vd221252.ms.uhbs.ch","ms.uhbs.ch\kalliasd","ictesxvdilp14.uhbs.ch","6.0.1","[Nimble04-VDI-003]","Available"
"VD221184","MQW7STD1","vd221184.ms.uhbs.ch","ms.uhbs.ch\KunzA","ictesxvdilp17.uhbs.ch","6.0.1","[Nimble06-VDI-011]","Available"
"VD221046","MQW7STD1","vd221046.ms.uhbs.ch","ms.uhbs.ch\DottC","ictesxvdilp26.uhbs.ch","6.0.1","[Nimble04-VDI-004]","Available"
"VD221257","MQW7STD1","vd221257.ms.uhbs.ch","ms.uhbs.ch\ObermannE","ictesxvdilp22.uhbs.ch","6.0.1","[Nimble06-VDI-016]","Available"
"VD221261","MQW7STD1","vd221261.ms.uhbs.ch","ms.uhbs.ch\SprengB","ictesxvdilp13.uhbs.ch","6.0.1","[Nimble02-VDI-006]","Available"
"VD221286","MQW7STD1","vd221286.ms.uhbs.ch","ms.uhbs.ch\HoellerS","ictesxvdilp25.uhbs.ch","6.0.1","[Nimble06-VDI-013]","Available"
"VD221248","MQW7STD1","vd221248.ms.uhbs.ch","ms.uhbs.ch\antwik","ictesxvdilp09.uhbs.ch","6.0.1","[Nimble05-VDI-005]","Disconnected"
"VD221305","MQW7STD1","vd221305.ms.uhbs.ch","ms.uhbs.ch\berlitt","ictesxvdilp26.uhbs.ch","6.0.1","[Nimble05-VDI-011]","Available"
"VD221344","MQW7STD1","vd221344.ms.uhbs.ch","","ictesxvdilp19.uhbs.ch","6.0.1","[Nimble06-VDI-001, Nimble01-VDI-SWP]","Available"
"VD221073","MQW7STD1","vd221073.ms.uhbs.ch","","ictesxvdilp19.uhbs.ch","6.0.1","[Nimble01-VDI-004]","Maintenance mode"
"VD221201","MQW7STD1","vd221201.ms.uhbs.ch","ms.uhbs.ch\SchoepplF","ictesxvdilp16.uhbs.ch","6.0.1","[Nimble06-VDI-004]","Available"
"VD221193","MQW7STD1","vd221193.ms.uhbs.ch","ms.uhbs.ch\tuchschererd","ictesxvdilp03.uhbs.ch","6.0.1","[Nimble06-VDI-007]","Disconnected"
"VD221323","MQW7STD1","vd221323.ms.uhbs.ch","ms.uhbs.ch\taubem","ictesxvdilp23.uhbs.ch","6.0.1","[Nimble06-VDI-001]","Available"
"VD221008","MQW7STD1","vd221008.ms.uhbs.ch","ms.uhbs.ch\EscherA","ictesxvdilp18.uhbs.ch","6.0.1","[Nimble01-VDI-002]","Available"
"VD221072","MQW7STD1","vd221072.ms.uhbs.ch","ms.uhbs.ch\BaumannTo","ictesxvdilp13.uhbs.ch","6.0.1","[Nimble04-VDI-005]","Available"
"VD221096","MQW7STD1","vd221096.ms.uhbs.ch","ms.uhbs.ch\filippia","ictesxvdilp05.uhbs.ch","6.0.1","[Nimble03-VDI-006]","Disconnected"
"VD221038","MQW7STD1","vd221038.ms.uhbs.ch","ms.uhbs.ch\NueschelerR","ictesxvdilp10.uhbs.ch","6.0.1","[Nimble01-VDI-006]","Available"
"VD221342","MQW7STD1","vd221342.ms.uhbs.ch","","ictesxvdilp16.uhbs.ch","6.0.1","[Nimble01-VDI-SWP, Nimble01-VDI-006]","Available"
"VD221294","MQW7STD1","vd221294.ms.uhbs.ch","ms.uhbs.ch\ScheideckerA","ictesxvdilp32.uhbs.ch","6.0.1","[Nimble06-VDI-011]","Available"
"VD221074","MQW7STD1","vd221074.ms.uhbs.ch","ms.uhbs.ch\FinazziT","ictesxvdilp26.uhbs.ch","6.0.1","[Nimble04-VDI-006]","Available"
"VD221140","MQW7STD1","vd221140.ms.uhbs.ch","ms.uhbs.ch\MollJ","ictesxvdilp03.uhbs.ch","6.0.1","[Nimble03-VDI-007]","Available"
"VD221340","MQW7STD1","vd221340.ms.uhbs.ch","ms.uhbs.ch\bratici","ictesxvdilp31.uhbs.ch","6.0.1","[Nimble02-VDI-005, Nimble01-VDI-SWP]","Disconnected"
"VD221176","MQW7STD1","vd221176.ms.uhbs.ch","ms.uhbs.ch\delneroj","ictesxvdilp31.uhbs.ch","6.0.1","[Nimble01-VDI-SWP, Nimble05-VDI-010]","Disconnected"
"VD221273","MQW7STD1","vd221273.ms.uhbs.ch","ms.uhbs.ch\MeienbergF","ictesxvdilp28.uhbs.ch","6.0.1","[Nimble03-VDI-006]","Available"
"VD221317","MQW7STD1","vd221317.ms.uhbs.ch","ms.uhbs.ch\hinterdings","ictesxvdilp27.uhbs.ch","6.0.1","[Nimble05-VDI-012]","Available"
"VD221059","MQW7STD1","vd221059.ms.uhbs.ch","ms.uhbs.ch\arquintm","ictesxvdilp09.uhbs.ch","6.0.1","[Nimble04-VDI-001]","Connected"
"VD221062","MQW7STD1","vd221062.ms.uhbs.ch","ms.uhbs.ch\DeGrandiR","ictesxvdilp28.uhbs.ch","6.0.1","[Nimble03-VDI-002]","Available"
"VD221307","MQW7STD1","vd221307.ms.uhbs.ch","ms.uhbs.ch\hottingera","ictesxvdilp07.uhbs.ch","6.0.1","[Nimble01-VDI-001]","Disconnected"
"VD221265","MQW7STD1","vd221265.ms.uhbs.ch","ms.uhbs.ch\siberlinc","ictesxvdilp02.uhbs.ch","6.0.1","[Nimble03-VDI-007]","Disconnected"
"VD221274","MQW7STD1","vd221274.ms.uhbs.ch","ms.uhbs.ch\BannwarthR","ictesxvdilp13.uhbs.ch","6.0.1","[Nimble05-VDI-004]","Available"
"VD221043","MQW7STD1","vd221043.ms.uhbs.ch","ms.uhbs.ch\kislingp","ictesxvdilp26.uhbs.ch","6.0.1","[Nimble04-VDI-006, Nimble01-VDI-SWP]","Disconnected"
"VD221020","MQW7STD1","vd221020.ms.uhbs.ch","","ictesxvdilp07.uhbs.ch","6.0.1","[Nimble03-VDI-002]","Maintenance mode"
"VD221128","MQW7STD1","vd221128.ms.uhbs.ch","ms.uhbs.ch\BaierP","ictesxvdilp01.uhbs.ch","6.0.1","[Nimble05-VDI-013]","Available"
"VD221021","MQW7STD1","vd221021.ms.uhbs.ch","ms.uhbs.ch\MatzenauerJ","ictesxvdilp21.uhbs.ch","6.0.1","[Nimble05-VDI-010]","Available"
"VD221132","MQW7STD1","vd221132.ms.uhbs.ch","ms.uhbs.ch\HeimU","ictesxvdilp27.uhbs.ch","6.0.1","[Nimble03-VDI-006]","Available"
"VD221079","MQW7STD1","vd221079.ms.uhbs.ch","ms.uhbs.ch\LuethyMa","ictesxvdilp31.uhbs.ch","6.0.1","[Nimble04-VDI-003, Nimble01-VDI-SWP]","Available"
"VD221031","MQW7STD1","vd221031.ms.uhbs.ch","ms.uhbs.ch\ZaunerM","ictesxvdilp22.uhbs.ch","6.0.1","[Nimble06-VDI-015]","Available"
"VD221056","MQW7STD1","vd221056.ms.uhbs.ch","ms.uhbs.ch\behrendtt","ictesxvdilp13.uhbs.ch","6.0.1","[Nimble04-VDI-002]","Disconnected"
"VD221256","MQW7STD1","vd221256.ms.uhbs.ch","ms.uhbs.ch\StallkampS","ictesxvdilp28.uhbs.ch","6.0.1","[Nimble06-VDI-016]","Available"
"VD221281","MQW7STD1","vd221281.ms.uhbs.ch","ms.uhbs.ch\voektp","ictesxvdilp31.uhbs.ch","6.0.1","[Nimble03-VDI-006]","Disconnected"
"VD221313","MQW7STD1","vd221313.ms.uhbs.ch","ms.uhbs.ch\arsuffia","ictesxvdilp29.uhbs.ch","6.0.1","[Nimble01-VDI-SWP, Nimble01-VDI-006]","Available"
"VD221181","MQW7STD1","vd221181.ms.uhbs.ch","ms.uhbs.ch\AbrechtU","ictesxvdilp06.uhbs.ch","6.0.1","[Nimble05-VDI-013]","Available"
"VD221159","MQW7STD1","vd221159.ms.uhbs.ch","ms.uhbs.ch\UmmenhoferW","ictesxvdilp23.uhbs.ch","6.0.1","[Nimble03-VDI-007]","Available"
"VD221058","MQW7STD1","vd221058.ms.uhbs.ch","ms.uhbs.ch\bildlr","ictesxvdilp30.uhbs.ch","6.0.1","[Nimble03-VDI-007]","Connected"
"VD221214","MQW7STD1","vd221214.ms.uhbs.ch","ms.uhbs.ch\cierpkac","ictesxvdilp13.uhbs.ch","6.0.1","[Nimble05-VDI-004]","Available"
"VD221103","MQW7STD1","vd221103.ms.uhbs.ch","ms.uhbs.ch\BietryF","ictesxvdilp05.uhbs.ch","6.0.1","[Nimble05-VDI-016]","Available"
"VD221301","MQW7STD1","vd221301.ms.uhbs.ch","ms.uhbs.ch\bossongo","ictesxvdilp19.uhbs.ch","6.0.1","[Nimble01-VDI-002]","Disconnected"
"VD221011","MQW7STD1","vd221011.ms.uhbs.ch","ms.uhbs.ch\baumhoerd","ictesxvdilp29.uhbs.ch","6.0.1","[Nimble04-VDI-004, Nimble01-VDI-SWP]","Disconnected"
"VD221220","MQW7STD1","vd221220.ms.uhbs.ch","ms.uhbs.ch\HohmannJ","ictesxvdilp01.uhbs.ch","6.0.1","[Nimble03-VDI-003]","Available"
"VD221141","MQW7STD1","vd221141.ms.uhbs.ch","ms.uhbs.ch\erbj","ictesxvdilp32.uhbs.ch","6.0.1","[Nimble03-VDI-006]","Disconnected"
"VD221287","MQW7STD1","vd221287.ms.uhbs.ch","ms.uhbs.ch\fuersti","ictesxvdilp30.uhbs.ch","6.0.1","[Nimble01-VDI-SWP, Nimble06-VDI-015]","Disconnected"
"VD221277","MQW7STD1","vd221277.ms.uhbs.ch","ms.uhbs.ch\raezc","ictesxvdilp13.uhbs.ch","6.0.1","[Nimble05-VDI-004]","Available"
"VD221013","MQW7STD1","vd221013.ms.uhbs.ch","ms.uhbs.ch\gyrt","ictesxvdilp26.uhbs.ch","6.0.1","[Nimble03-VDI-002, Nimble01-VDI-SWP]","Connected"
"VD221242","MQW7STD1","vd221242.ms.uhbs.ch","ms.uhbs.ch\GreveI","ictesxvdilp01.uhbs.ch","6.0.1","[Nimble01-VDI-SWP, Nimble01-VDI-006]","Available"
"VD221107","MQW7STD1","vd221107.ms.uhbs.ch","ms.uhbs.ch\KoppB","ictesxvdilp12.uhbs.ch","6.0.1","[Nimble04-VDI-006]","Available"
"VD221048","MQW7STD1","vd221048.ms.uhbs.ch","ms.uhbs.ch\papachristofila","ictesxvdilp07.uhbs.ch","6.0.1","[Nimble04-VDI-006]","Disconnected"
"VD221291","MQW7STD1","vd221291.ms.uhbs.ch","ms.uhbs.ch\ackermanv","ictesxvdilp13.uhbs.ch","6.0.1","[Nimble05-VDI-016]","Disconnected"
"VD221052","MQW7STD1","vd221052.ms.uhbs.ch","ms.uhbs.ch\HeyeT","ictesxvdilp29.uhbs.ch","6.0.1","[Nimble05-VDI-012]","Available"
"VD221225","MQW7STD1","vd221225.ms.uhbs.ch","ms.uhbs.ch\BiondaC","ictesxvdilp22.uhbs.ch","6.0.1","[Nimble05-VDI-001, Nimble01-VDI-SWP]","Available"
"VD221135","MQW7STD1","vd221135.ms.uhbs.ch","ms.uhbs.ch\maruggan","ictesxvdilp08.uhbs.ch","6.0.1","[Nimble05-VDI-015]","Disconnected"
"VD221345","MQW7STD1","vd221345.ms.uhbs.ch","ms.uhbs.ch\SteuletA","ictesxvdilp02.uhbs.ch","6.0.1","[Nimble03-VDI-007, Nimble01-VDI-SWP]","Available"
"VD221267","MQW7STD1","vd221267.ms.uhbs.ch","ms.uhbs.ch\demeratht","ictesxvdilp16.uhbs.ch","6.0.1","[Nimble03-VDI-004]","Available"
"VD221092","MQW7STD1","vd221092.ms.uhbs.ch","ms.uhbs.ch\GerberA","ictesxvdilp31.uhbs.ch","6.0.1","[Nimble01-VDI-SWP, Nimble06-VDI-010]","Available"
"VD221037","MQW7STD1","vd221037.ms.uhbs.ch","ms.uhbs.ch\berschtelh","ictesxvdilp32.uhbs.ch","6.0.1","[Nimble06-VDI-002]","Connected"
"VD221117","MQW7STD1","vd221117.ms.uhbs.ch","ms.uhbs.ch\harderd","ictesxvdilp07.uhbs.ch","6.0.1","[Nimble02-VDI-003]","Disconnected"
"VD221292","MQW7STD1","vd221292.ms.uhbs.ch","ms.uhbs.ch\maurermar","ictesxvdilp11.uhbs.ch","6.0.1","[Nimble05-VDI-011]","Disconnected"
"VD221203","MQW7STD1","vd221203.ms.uhbs.ch","ms.uhbs.ch\riste","ictesxvdilp06.uhbs.ch","6.0.1","[Nimble04-VDI-006]","Available"
"VD221049","MQW7STD1","vd221049.ms.uhbs.ch","ms.uhbs.ch\SutterLi","ictesxvdilp23.uhbs.ch","6.0.1","[Nimble05-VDI-003]","Available"
"VD221097","MQW7STD1","vd221097.ms.uhbs.ch","ms.uhbs.ch\ImfeldP","ictesxvdilp09.uhbs.ch","6.0.1","[Nimble04-VDI-002, Nimble01-VDI-SWP]","Available"
"VD221250","MQW7STD1","vd221250.ms.uhbs.ch","ms.uhbs.ch\pradellam","ictesxvdilp17.uhbs.ch","6.0.1","[Nimble05-VDI-004, Nimble01-VDI-SWP]","Disconnected"
"VD221199","MQW7STD1","vd221199.ms.uhbs.ch","ms.uhbs.ch\SchelbG","ictesxvdilp13.uhbs.ch","6.0.1","[Nimble03-VDI-004]","Available"
"VD221191","MQW7STD1","vd221191.ms.uhbs.ch","ms.uhbs.ch\BraendleS","ictesxvdilp29.uhbs.ch","6.0.1","[Nimble03-VDI-004]","Available"
"VD221205","MQW7STD1","vd221205.ms.uhbs.ch","ms.uhbs.ch\JundtG","ictesxvdilp25.uhbs.ch","6.0.1","[Nimble06-VDI-005, Nimble01-VDI-SWP]","Available"
"VD221075","MQW7STD1","vd221075.ms.uhbs.ch","ms.uhbs.ch\SchwaldP","ictesxvdilp04.uhbs.ch","6.0.1","[Nimble03-VDI-003]","Available"
"VD221245","MQW7STD1","vd221245.ms.uhbs.ch","ms.uhbs.ch\LigrestiB","ictesxvdilp11.uhbs.ch","6.0.1","[Nimble03-VDI-003]","Available"
"VD221334","MQW7STD1","vd221334.ms.uhbs.ch","ms.uhbs.ch\loetscherm","ictesxvdilp32.uhbs.ch","6.0.1","[Nimble02-VDI-004, Nimble01-VDI-SWP]","Available"
"VD221175","MQW7STD1","vd221175.ms.uhbs.ch","ms.uhbs.ch\AmendM","ictesxvdilp14.uhbs.ch","6.0.1","[Nimble05-VDI-005]","Available"
"VD221319","MQW7STD1","vd221319.ms.uhbs.ch","ms.uhbs.ch\reignerm","ictesxvdilp13.uhbs.ch","6.0.1","[Nimble05-VDI-001, Nimble01-VDI-SWP]","Available"
"VD221197","MQW7STD1","vd221197.ms.uhbs.ch","ms.uhbs.ch\EibllaeuferE","ictesxvdilp18.uhbs.ch","6.0.1","[Nimble06-VDI-005]","Available"
"VD221165","MQW7STD1","vd221165.ms.uhbs.ch","ms.uhbs.ch\DeusterS","ictesxvdilp06.uhbs.ch","6.0.1","[Nimble02-VDI-002]","Available"
"VD221215","MQW7STD1","vd221215.ms.uhbs.ch","ms.uhbs.ch\MaruggA","ictesxvdilp11.uhbs.ch","6.0.1","[Nimble04-VDI-004]","Available"
"VD221210","MQW7STD1","vd221210.ms.uhbs.ch","ms.uhbs.ch\salvatos","ictesxvdilp09.uhbs.ch","6.0.1","[Nimble06-VDI-001]","Disconnected"
"VD221015","MQW7STD1","vd221015.ms.uhbs.ch","ms.uhbs.ch\vogelk","ictesxvdilp12.uhbs.ch","6.0.1","[Nimble01-VDI-SWP, Nimble06-VDI-010]","Disconnected"
"VD221239","MQW7STD1","vd221239.ms.uhbs.ch","ms.uhbs.ch\zimmermannf","ictesxvdilp24.uhbs.ch","6.0.1","[Nimble01-VDI-005, Nimble01-VDI-SWP]","Disconnected"
"VD221163","MQW7STD1","vd221163.ms.uhbs.ch","ms.uhbs.ch\OttN","ictesxvdilp02.uhbs.ch","6.0.1","[Nimble05-VDI-004]","Available"
"VD221322","MQW7STD1","vd221322.ms.uhbs.ch","ms.uhbs.ch\milojevics","ictesxvdilp29.uhbs.ch","6.0.1","[Nimble06-VDI-005]","Disconnected"
"VD221055","MQW7STD1","vd221055.ms.uhbs.ch","ms.uhbs.ch\JundtI","ictesxvdilp08.uhbs.ch","6.0.1","[Nimble04-VDI-002]","Available"
"VD221189","MQW7STD1","vd221189.ms.uhbs.ch","ms.uhbs.ch\mnichk","ictesxvdilp28.uhbs.ch","6.0.1","[Nimble05-VDI-013]","Disconnected"
"VD221276","MQW7STD1","vd221276.ms.uhbs.ch","ms.uhbs.ch\ZimmermannEr","ictesxvdilp30.uhbs.ch","6.0.1","[Nimble03-VDI-005, Nimble01-VDI-SWP]","Available"
"VD221014","MQW7STD1","vd221014.ms.uhbs.ch","ms.uhbs.ch\a_meieryv","ictesxvdilp01.uhbs.ch","6.0.1","[Nimble05-VDI-011]","Unassigned user disconnected"
"VD221234","MQW7STD1","vd221234.ms.uhbs.ch","ms.uhbs.ch\HagenkordA","ictesxvdilp17.uhbs.ch","6.0.1","[Nimble05-VDI-006]","Available"
"VD221081","MQW7STD1","vd221081.ms.uhbs.ch","ms.uhbs.ch\JentD","ictesxvdilp29.uhbs.ch","6.0.1","[Nimble06-VDI-004, Nimble01-VDI-SWP]","Available"
"VD221050","MQW7STD1","vd221050.ms.uhbs.ch","ms.uhbs.ch\bahlingera","ictesxvdilp29.uhbs.ch","6.0.1","[Nimble04-VDI-002]","Disconnected"
"VD221078","MQW7STD1","vd221078.ms.uhbs.ch","ms.uhbs.ch\RegeniterA","ictesxvdilp04.uhbs.ch","6.0.1","[Nimble04-VDI-001]","Available"
"VD221032","MQW7STD1","vd221032.ms.uhbs.ch","ms.uhbs.ch\perrotg","ictesxvdilp17.uhbs.ch","6.0.1","[Nimble06-VDI-012]","Disconnected"
"VD221047","MQW7STD1","vd221047.ms.uhbs.ch","ms.uhbs.ch\suterp","ictesxvdilp18.uhbs.ch","6.0.1","[Nimble06-VDI-003, Nimble01-VDI-SWP]","Disconnected"
"VD221178","MQW7STD1","vd221178.ms.uhbs.ch","ms.uhbs.ch\haasst","ictesxvdilp28.uhbs.ch","6.0.1","[Nimble06-VDI-010]","Available"
"VD221284","MQW7STD1","vd221284.ms.uhbs.ch","ms.uhbs.ch\HerzogJ","ictesxvdilp11.uhbs.ch","6.0.1","[Nimble05-VDI-015]","Available"
"VD221086","MQW7STD1","vd221086.ms.uhbs.ch","ms.uhbs.ch\wilsonj","ictesxvdilp14.uhbs.ch","6.0.1","[Nimble05-VDI-002]","Disconnected"
"VD221278","MQW7STD1","vd221278.ms.uhbs.ch","ms.uhbs.ch\SchochR","ictesxvdilp23.uhbs.ch","6.0.1","[Nimble05-VDI-002]","Available"
"VD221131","MQW7STD1","vd221131.ms.uhbs.ch","ms.uhbs.ch\RuppenW","ictesxvdilp02.uhbs.ch","6.0.1","[Nimble03-VDI-003]","Available"
"VD221076","MQW7STD1","vd221076.ms.uhbs.ch","ms.uhbs.ch\RiversoC","ictesxvdilp03.uhbs.ch","6.0.1","[Nimble06-VDI-012]","Available"
"VD221164","MQW7STD1","vd221164.ms.uhbs.ch","ms.uhbs.ch\wunderlins","ictesxvdilp01.uhbs.ch","6.0.1","[Nimble05-VDI-014]","Disconnected"
"VD221170","MQW7STD1","vd221170.ms.uhbs.ch","ms.uhbs.ch\clobesn","ictesxvdilp02.uhbs.ch","6.0.1","[Nimble03-VDI-006, Nimble01-VDI-SWP]","Connected"
"VD221320","MQW7STD1","vd221320.ms.uhbs.ch","ms.uhbs.ch\schallerh","ictesxvdilp31.uhbs.ch","6.0.1","[Nimble02-VDI-006, Nimble01-VDI-SWP]","Connected"
"VD221290","MQW7STD1","vd221290.ms.uhbs.ch","ms.uhbs.ch\amenda","ictesxvdilp05.uhbs.ch","6.0.1","[Nimble05-VDI-016]","Disconnected"
"VD221308","MQW7STD1","vd221308.ms.uhbs.ch","ms.uhbs.ch\ZumbrunnM","ictesxvdilp04.uhbs.ch","6.0.1","[Nimble05-VDI-013]","Available"
"VD221040","MQW7STD1","vd221040.ms.uhbs.ch","ms.uhbs.ch\litschgis","ictesxvdilp18.uhbs.ch","6.0.1","[Nimble02-VDI-005, Nimble01-VDI-SWP]","Disconnected"
"VD221196","MQW7STD1","vd221196.ms.uhbs.ch","ms.uhbs.ch\rothens","ictesxvdilp12.uhbs.ch","6.0.1","[Nimble04-VDI-002]","Available"
"VD221061","MQW7STD1","vd221061.ms.uhbs.ch","ms.uhbs.ch\maurerm","ictesxvdilp14.uhbs.ch","6.0.1","[Nimble05-VDI-007, Nimble01-VDI-SWP]","Connected"
"VD221150","MQW7STD1","vd221150.ms.uhbs.ch","ms.uhbs.ch\rottenburgerc","ictesxvdilp24.uhbs.ch","6.0.1","[Nimble05-VDI-014]","Disconnected"
"VD221172","MQW7STD1","vd221172.ms.uhbs.ch","ms.uhbs.ch\KriegY","ictesxvdilp29.uhbs.ch","6.0.1","[Nimble05-VDI-011]","Available"
"VD221119","MQW7STD1","vd221119.ms.uhbs.ch","ms.uhbs.ch\siegemundm","ictesxvdilp03.uhbs.ch","6.0.1","[Nimble05-VDI-012]","Disconnected"
"VD221063","MQW7STD1","vd221063.ms.uhbs.ch","ms.uhbs.ch\dettwilern","ictesxvdilp32.uhbs.ch","6.0.1","[Nimble01-VDI-SWP, Nimble05-VDI-010]","Disconnected"
"VD221130","MQW7STD1","vd221130.ms.uhbs.ch","ms.uhbs.ch\StrebelS","ictesxvdilp18.uhbs.ch","6.0.1","[Nimble05-VDI-016]","Available"
"VD221255","MQW7STD1","vd221255.ms.uhbs.ch","ms.uhbs.ch\LiebJ","ictesxvdilp20.uhbs.ch","6.0.1","[Nimble04-VDI-008]","Available"
"VD221223","MQW7STD1","vd221223.ms.uhbs.ch","ms.uhbs.ch\AdamsE","ictesxvdilp16.uhbs.ch","6.0.1","[Nimble05-VDI-005]","Available"
"VD221207","MQW7STD1","vd221207.ms.uhbs.ch","ms.uhbs.ch\stadelmannb","ictesxvdilp28.uhbs.ch","6.0.1","[Nimble05-VDI-005]","Available"
"VD221231","MQW7STD1","vd221231.ms.uhbs.ch","ms.uhbs.ch\parakha","ictesxvdilp14.uhbs.ch","6.0.1","[Nimble05-VDI-010]","Available"
"VD221260","MQW7STD1","vd221260.ms.uhbs.ch","ms.uhbs.ch\AbelsR","ictesxvdilp04.uhbs.ch","6.0.1","[Nimble04-VDI-008]","Available"
"VD221036","MQW7STD1","vd221036.ms.uhbs.ch","ms.uhbs.ch\ProbstP","ictesxvdilp13.uhbs.ch","6.0.1","[Nimble06-VDI-006, Nimble01-VDI-SWP]","Available"
"VD221003","MQW7STD1","vd221003.ms.uhbs.ch","ms.uhbs.ch\CasasG","ictesxvdilp21.uhbs.ch","6.0.1","[Nimble05-VDI-007, Nimble01-VDI-SWP]","Available"
"VD221101","MQW7STD1","vd221101.ms.uhbs.ch","ms.uhbs.ch\ReinauD","ictesxvdilp32.uhbs.ch","6.0.1","[Nimble05-VDI-001]","Available"
"VD221339","MQW7STD1","vd221339.ms.uhbs.ch","ms.uhbs.ch\karwackig","ictesxvdilp32.uhbs.ch","6.0.1","[Nimble05-VDI-001, Nimble01-VDI-SWP]","Disconnected"
"VD221269","MQW7STD1","vd221269.ms.uhbs.ch","ms.uhbs.ch\eckhardtj","ictesxvdilp28.uhbs.ch","6.0.1","[Nimble03-VDI-002]","Available"
"VD221217","MQW7STD1","vd221217.ms.uhbs.ch","ms.uhbs.ch\RuettenerM","ictesxvdilp21.uhbs.ch","6.0.1","[Nimble01-VDI-001]","Available"
"VD221253","MQW7STD1","vd221253.ms.uhbs.ch","ms.uhbs.ch\FrankSt","ictesxvdilp15.uhbs.ch","6.0.1","[Nimble02-VDI-003]","Available"
"VD221066","MQW7STD1","vd221066.ms.uhbs.ch","ms.uhbs.ch\KaufmannC","ictesxvdilp27.uhbs.ch","6.0.1","[Nimble06-VDI-001]","Available"
"VD221237","MQW7STD1","vd221237.ms.uhbs.ch","ms.uhbs.ch\TsakirisD","ictesxvdilp01.uhbs.ch","6.0.1","[Nimble03-VDI-005]","Available"
"VD221224","MQW7STD1","vd221224.ms.uhbs.ch","ms.uhbs.ch\SauterA","ictesxvdilp02.uhbs.ch","6.0.1","[Nimble04-VDI-002]","Available"
"VD221297","MQW7STD1","vd221297.ms.uhbs.ch","ms.uhbs.ch\PagelA","ictesxvdilp23.uhbs.ch","6.0.1","[Nimble05-VDI-005]","Available"
"VD221212","MQW7STD1","vd221212.ms.uhbs.ch","ms.uhbs.ch\schloenvogtu","ictesxvdilp11.uhbs.ch","6.0.1","[Nimble05-VDI-016]","Disconnected"
"VD221035","MQW7STD1","vd221035.ms.uhbs.ch","ms.uhbs.ch\dills","ictesxvdilp11.uhbs.ch","6.0.1","[Nimble03-VDI-001, Nimble01-VDI-SWP]","Disconnected"
"VD221161","MQW7STD1","vd221161.ms.uhbs.ch","ms.uhbs.ch\KohlerSi","ictesxvdilp04.uhbs.ch","6.0.1","[Nimble05-VDI-014, Nimble01-VDI-SWP]","Available"
"VD221264","MQW7STD1","vd221264.ms.uhbs.ch","ms.uhbs.ch\gigerz","ictesxvdilp15.uhbs.ch","6.0.1","[Nimble01-VDI-SWP, Nimble04-VDI-008]","Disconnected"
"VD221309","MQW7STD1","vd221309.ms.uhbs.ch","ms.uhbs.ch\jockersf","ictesxvdilp24.uhbs.ch","6.0.1","[Nimble06-VDI-001]","Available"
"VD221216","MQW7STD1","vd221216.ms.uhbs.ch","ms.uhbs.ch\MuHerstellung","ictesxvdilp04.uhbs.ch","6.0.1","[Nimble01-VDI-002]","Available"
"VD221169","MQW7STD1","vd221169.ms.uhbs.ch","ms.uhbs.ch\sidowd","ictesxvdilp17.uhbs.ch","6.0.1","[Nimble03-VDI-003, Nimble01-VDI-SWP]","Disconnected"
"VD221041","MQW7STD1","vd221041.ms.uhbs.ch","ms.uhbs.ch\marjanovicn","ictesxvdilp25.uhbs.ch","6.0.1","[Nimble03-VDI-005]","Disconnected"
"VD221143","MQW7STD1","vd221143.ms.uhbs.ch","ms.uhbs.ch\MuRadAn","ictesxvdilp04.uhbs.ch","6.0.1","[Nimble06-VDI-005]","Available"
"VD221221","MQW7STD1","vd221221.ms.uhbs.ch","ms.uhbs.ch\TakesM","ictesxvdilp12.uhbs.ch","6.0.1","[Nimble03-VDI-008]","Available"
"VD221246","MQW7STD1","vd221246.ms.uhbs.ch","ms.uhbs.ch\BuerglerD","ictesxvdilp12.uhbs.ch","6.0.1","[Nimble05-VDI-001]","Available"
"VD221244","MQW7STD1","vd221244.ms.uhbs.ch","ms.uhbs.ch\HaincN","ictesxvdilp29.uhbs.ch","6.0.1","[Nimble02-VDI-002]","Available"
"VD221338","MQW7STD1","vd221338.ms.uhbs.ch","ms.uhbs.ch\HeuschK","ictesxvdilp02.uhbs.ch","6.0.1","[Nimble01-VDI-SWP, Nimble05-VDI-009]","Available"
"VD221077","MQW7STD1","vd221077.ms.uhbs.ch","ms.uhbs.ch\KaplanK","ictesxvdilp16.uhbs.ch","6.0.1","[Nimble06-VDI-006, Nimble01-VDI-SWP]","Available"
"VD221311","MQW7STD1","vd221311.ms.uhbs.ch","ms.uhbs.ch\sennm","ictesxvdilp09.uhbs.ch","6.0.1","[Nimble01-VDI-003]","Available"
"VD221293","MQW7STD1","vd221293.ms.uhbs.ch","ms.uhbs.ch\georgmadoniau","ictesxvdilp18.uhbs.ch","6.0.1","[Nimble06-VDI-015]","Disconnected"
"VD221335","MQW7STD1","vd221335.ms.uhbs.ch","ms.uhbs.ch\schweighauserg","ictesxvdilp25.uhbs.ch","6.0.1","[Nimble01-VDI-001, Nimble01-VDI-SWP]","Disconnected"
"VD221318","MQW7STD1","vd221318.ms.uhbs.ch","ms.uhbs.ch\weberj","ictesxvdilp04.uhbs.ch","6.0.1","[Nimble06-VDI-004]","Available"
"VD221065","MQW7STD1","vd221065.ms.uhbs.ch","ms.uhbs.ch\RossiCi","ictesxvdilp08.uhbs.ch","6.0.1","[Nimble05-VDI-013]","Available"
"VD221187","MQW7STD1","vd221187.ms.uhbs.ch","ms.uhbs.ch\BinkA","ictesxvdilp18.uhbs.ch","6.0.1","[Nimble02-VDI-002]","Available"
"VD221315","MQW7STD1","vd221315.ms.uhbs.ch","ms.uhbs.ch\TimmermannM","ictesxvdilp05.uhbs.ch","6.0.1","[Nimble05-VDI-009]","Available"
"VD221304","MQW7STD1","vd221304.ms.uhbs.ch","ms.uhbs.ch\jarschc","ictesxvdilp21.uhbs.ch","6.0.1","[Nimble02-VDI-005, Nimble01-VDI-SWP]","Available"
"VD221057","MQW7STD1","vd221057.ms.uhbs.ch","ms.uhbs.ch\cadruvic","ictesxvdilp30.uhbs.ch","6.0.1","[Nimble06-VDI-002]","Disconnected"
"VD221152","MQW7STD1","vd221152.ms.uhbs.ch","ms.uhbs.ch\segherss","ictesxvdilp26.uhbs.ch","6.0.1","[Nimble03-VDI-007, Nimble01-VDI-SWP]","Disconnected"
"VD221127","MQW7STD1","vd221127.ms.uhbs.ch","ms.uhbs.ch\DellS","ictesxvdilp31.uhbs.ch","6.0.1","[Nimble01-VDI-SWP, Nimble05-VDI-012]","Available"
"VD221124","MQW7STD1","vd221124.ms.uhbs.ch","ms.uhbs.ch\BianchiR","ictesxvdilp24.uhbs.ch","6.0.1","[Nimble03-VDI-005]","Available"
"VD221033","MQW7STD1","vd221033.ms.uhbs.ch","ms.uhbs.ch\MihelicS","ictesxvdilp23.uhbs.ch","6.0.1","[Nimble06-VDI-005]","Available"
"VD221121","MQW7STD1","vd221121.ms.uhbs.ch","ms.uhbs.ch\GrossM","ictesxvdilp14.uhbs.ch","6.0.1","[Nimble05-VDI-009]","Available"
"VD221112","MQW7STD1","vd221112.ms.uhbs.ch","ms.uhbs.ch\BurriP","ictesxvdilp04.uhbs.ch","6.0.1","[Nimble04-VDI-004]","Available"
"VD221316","MQW7STD1","vd221316.ms.uhbs.ch","ms.uhbs.ch\hamperla","ictesxvdilp05.uhbs.ch","6.0.1","[Nimble06-VDI-007]","Available"
"VD221183","MQW7STD1","vd221183.ms.uhbs.ch","ms.uhbs.ch\BedekovicS","ictesxvdilp09.uhbs.ch","6.0.1","[Nimble04-VDI-007]","Available"
"VD221087","MQW7STD1","vd221087.ms.uhbs.ch","ms.uhbs.ch\lustenbergerj","ictesxvdilp26.uhbs.ch","6.0.1","[Nimble06-VDI-001]","Disconnected"
"VD221331","MQW7STD1","vd221331.ms.uhbs.ch","ms.uhbs.ch\KirschM","ictesxvdilp14.uhbs.ch","6.0.1","[Nimble01-VDI-005]","Available"
"VD221330","MQW7STD1","vd221330.ms.uhbs.ch","ms.uhbs.ch\seewalde","ictesxvdilp11.uhbs.ch","6.0.1","[Nimble03-VDI-007, Nimble01-VDI-SWP]","Available"
"VD221247","MQW7STD1","vd221247.ms.uhbs.ch","ms.uhbs.ch\GisinSt","ictesxvdilp27.uhbs.ch","6.0.1","[Nimble04-VDI-005]","Available"
"VD221241","MQW7STD1","vd221241.ms.uhbs.ch","ms.uhbs.ch\muensts","ictesxvdilp27.uhbs.ch","6.0.1","[Nimble04-VDI-006]","Disconnected"
"VD221266","MQW7STD1","vd221266.ms.uhbs.ch","ms.uhbs.ch\ApolloniE","ictesxvdilp05.uhbs.ch","6.0.1","[Nimble03-VDI-003, Nimble01-VDI-SWP]","Available"
"VD221045","MQW7STD1","vd221045.ms.uhbs.ch","ms.uhbs.ch\kaufmannm","ictesxvdilp13.uhbs.ch","6.0.1","[Nimble04-VDI-005]","Disconnected"
"VD221213","MQW7STD1","vd221213.ms.uhbs.ch","ms.uhbs.ch\OrsiniN","ictesxvdilp13.uhbs.ch","6.0.1","[Nimble05-VDI-002]","Available"
"VD221327","MQW7STD1","vd221327.ms.uhbs.ch","ms.uhbs.ch\charliers","ictesxvdilp25.uhbs.ch","6.0.1","[Nimble05-VDI-006, Nimble01-VDI-SWP]","Available"
"VD221025","MQW7STD1","vd221025.ms.uhbs.ch","ms.uhbs.ch\BeckC","ictesxvdilp30.uhbs.ch","6.0.1","[Nimble02-VDI-002]","Available"
"VD221054","MQW7STD1","vd221054.ms.uhbs.ch","ms.uhbs.ch\demarcom","ictesxvdilp32.uhbs.ch","6.0.1","[Nimble06-VDI-013]","Disconnected"
"VD221285","MQW7STD1","vd221285.ms.uhbs.ch","ms.uhbs.ch\BartochaR","ictesxvdilp12.uhbs.ch","6.0.1","[Nimble05-VDI-011]","Available"
"VD221139","MQW7STD1","vd221139.ms.uhbs.ch","ms.uhbs.ch\GoettelN","ictesxvdilp19.uhbs.ch","6.0.1","[Nimble03-VDI-005]","Available"
"VD221219","MQW7STD1","vd221219.ms.uhbs.ch","ms.uhbs.ch\DrexlerB","ictesxvdilp12.uhbs.ch","6.0.1","[Nimble04-VDI-004, Nimble01-VDI-SWP]","Available"
"VD221180","MQW7STD1","vd221180.ms.uhbs.ch","ms.uhbs.ch\blanks","ictesxvdilp07.uhbs.ch","6.0.1","[Nimble05-VDI-002]","Available"
"VD221071","MQW7STD1","vd221071.ms.uhbs.ch","ms.uhbs.ch\a_maurerm","ictesxvdilp09.uhbs.ch","6.0.1","[Nimble06-VDI-003, Nimble01-VDI-SWP]","Connected"
"VD221321","MQW7STD1","vd221321.ms.uhbs.ch","ms.uhbs.ch\gabriell","ictesxvdilp18.uhbs.ch","6.0.1","[Nimble01-VDI-001]","Disconnected"
"VD221233","MQW7STD1","vd221233.ms.uhbs.ch","ms.uhbs.ch\ChiaverioF","ictesxvdilp29.uhbs.ch","6.0.1","[Nimble04-VDI-001]","Available"
"VD221188","MQW7STD1","vd221188.ms.uhbs.ch","ms.uhbs.ch\jollers","ictesxvdilp29.uhbs.ch","6.0.1","[Nimble06-VDI-007]","Disconnected"
"VD221084","MQW7STD1","vd221084.ms.uhbs.ch","ms.uhbs.ch\hertelw","ictesxvdilp16.uhbs.ch","6.0.1","[Nimble04-VDI-005]","Disconnected"
"VD221195","MQW7STD1","vd221195.ms.uhbs.ch","ms.uhbs.ch\BenklerK","ictesxvdilp05.uhbs.ch","6.0.1","[Nimble03-VDI-006, Nimble01-VDI-SWP]","Available"
"VD221262","MQW7STD1","vd221262.ms.uhbs.ch","ms.uhbs.ch\demmigg","ictesxvdilp22.uhbs.ch","6.0.1","[Nimble06-VDI-008]","Disconnected"
"VD221249","MQW7STD1","vd221249.ms.uhbs.ch","ms.uhbs.ch\ZbindenI","ictesxvdilp03.uhbs.ch","6.0.1","[Nimble06-VDI-009]","Available"
"VD221268","MQW7STD1","vd221268.ms.uhbs.ch","ms.uhbs.ch\roggwillerl","ictesxvdilp08.uhbs.ch","6.0.1","[Nimble05-VDI-008]","Available"
"VD221110","MQW7STD1","vd221110.ms.uhbs.ch","ms.uhbs.ch\stalderman","ictesxvdilp29.uhbs.ch","6.0.1","[Nimble06-VDI-009]","Available"
"VD221314","MQW7STD1","vd221314.ms.uhbs.ch","ms.uhbs.ch\bodenmannj","ictesxvdilp09.uhbs.ch","6.0.1","[Nimble06-VDI-011]","Available"
"VD221300","MQW7STD1","vd221300.ms.uhbs.ch","ms.uhbs.ch\SchoriC","ictesxvdilp12.uhbs.ch","6.0.1","[Nimble05-VDI-006, Nimble01-VDI-SWP]","Available"
"VD221039","MQW7STD1","vd221039.ms.uhbs.ch","ms.uhbs.ch\KoligiS","ictesxvdilp15.uhbs.ch","6.0.1","[Nimble06-VDI-013]","Available"
"VD221326","MQW7STD1","vd221326.ms.uhbs.ch","ms.uhbs.ch\eberhardd","ictesxvdilp18.uhbs.ch","6.0.1","[Nimble06-VDI-013]","Disconnected"
"VD221174","MQW7STD1","vd221174.ms.uhbs.ch","ms.uhbs.ch\SchlegelP","ictesxvdilp16.uhbs.ch","6.0.1","[Nimble03-VDI-004]","Available"
"VD221337","MQW7STD1","vd221337.ms.uhbs.ch","ms.uhbs.ch\brantnerp","ictesxvdilp13.uhbs.ch","6.0.1","[Nimble02-VDI-004, Nimble01-VDI-SWP]","Disconnected"
"VD221289","MQW7STD1","vd221289.ms.uhbs.ch","ms.uhbs.ch\reinhardtj","ictesxvdilp12.uhbs.ch","6.0.1","[Nimble05-VDI-009]","Connected"